imageid,imageurl,description
21864262,https://placekitten.com/640/480,Living room with modern furniture
62883262,https://placekitten.com/640/480,Spacious kitchen area
49029402,https://placekitten.com/640/480,Elegant home office setup
91450903,https://placekitten.com/640/480,Front view of the property
54741543,https://placekitten.com/640/480,Dining room with a large table
27016668,https://placekitten.com/640/480,Garage and driveway view
88140054,https://dummyimage.com/640x480,Elegant home office setup
43730179,https://placekitten.com/640/480,Panoramic view from the balcony
33202010,https://dummyimage.com/640x480,Living room with modern furniture
42155300,https://placekitten.com/640/480,Master bedroom with ensuite bathroom
32522462,https://picsum.photos/640/480,Swimming pool and patio
44623953,https://placekitten.com/640/480,Swimming pool and patio
63319576,https://picsum.photos/640/480,Swimming pool and patio
51596486,https://picsum.photos/640/480,Elegant home office setup
56368845,https://dummyimage.com/640x480,Swimming pool and patio
56793074,https://picsum.photos/640/480,Swimming pool and patio
72721009,https://placekitten.com/640/480,Panoramic view from the balcony
77772887,https://dummyimage.com/640x480,Backyard with a garden
57714441,https://placekitten.com/640/480,Spacious kitchen area
40711513,https://picsum.photos/640/480,Dining room with a large table
54605300,https://placekitten.com/640/480,Swimming pool and patio
12741320,https://dummyimage.com/640x480,Elegant home office setup
15336846,https://placekitten.com/640/480,Spacious kitchen area
96004915,https://placekitten.com/640/480,Spacious kitchen area
30127054,https://dummyimage.com/640x480,Swimming pool and patio
69795835,https://dummyimage.com/640x480,Backyard with a garden
37453757,https://dummyimage.com/640x480,Master bedroom with ensuite bathroom
23573954,https://placekitten.com/640/480,Dining room with a large table
94157685,https://dummyimage.com/640x480,Living room with modern furniture
83002851,https://placekitten.com/640/480,Spacious kitchen area
40839983,https://dummyimage.com/640x480,Panoramic view from the balcony
22302620,https://placekitten.com/640/480,Dining room with a large table
67251193,https://placekitten.com/640/480,Garage and driveway view
79905522,https://placekitten.com/640/480,Elegant home office setup
79173541,https://picsum.photos/640/480,Garage and driveway view
24290246,https://placekitten.com/640/480,Spacious kitchen area
41521024,https://placekitten.com/640/480,Master bedroom with ensuite bathroom
46680561,https://placekitten.com/640/480,Living room with modern furniture
95448614,https://dummyimage.com/640x480,Swimming pool and patio
92452489,https://dummyimage.com/640x480,Garage and driveway view
40004134,https://dummyimage.com/640x480,Panoramic view from the balcony
85176172,https://dummyimage.com/640x480,Backyard with a garden
15650082,https://picsum.photos/640/480,Garage and driveway view
52689367,https://picsum.photos/640/480,Swimming pool and patio
54218667,https://placekitten.com/640/480,Swimming pool and patio
71673348,https://placekitten.com/640/480,Front view of the property
90387583,https://placekitten.com/640/480,Panoramic view from the balcony
72286454,https://dummyimage.com/640x480,Master bedroom with ensuite bathroom
92694883,https://picsum.photos/640/480,Backyard with a garden
72476235,https://picsum.photos/640/480,Master bedroom with ensuite bathroom
41607613,https://dummyimage.com/640x480,Living room with modern furniture
19137538,https://placekitten.com/640/480,Living room with modern furniture
58147715,https://dummyimage.com/640x480,Dining room with a large table
66613170,https://dummyimage.com/640x480,Spacious kitchen area
92104078,https://picsum.photos/640/480,Living room with modern furniture
18620667,https://placekitten.com/640/480,Panoramic view from the balcony
89930035,https://picsum.photos/640/480,Swimming pool and patio
62044116,https://placekitten.com/640/480,Dining room with a large table
84833561,https://dummyimage.com/640x480,Living room with modern furniture
78403072,https://dummyimage.com/640x480,Elegant home office setup
57506494,https://picsum.photos/640/480,Living room with modern furniture
93300226,https://dummyimage.com/640x480,Backyard with a garden
78935617,https://placekitten.com/640/480,Living room with modern furniture
97090763,https://dummyimage.com/640x480,Dining room with a large table
98519305,https://picsum.photos/640/480,Swimming pool and patio
41532436,https://placekitten.com/640/480,Living room with modern furniture
60895742,https://picsum.photos/640/480,Front view of the property
25484645,https://placekitten.com/640/480,Front view of the property
77024003,https://picsum.photos/640/480,Panoramic view from the balcony
98222958,https://picsum.photos/640/480,Garage and driveway view
11445075,https://placekitten.com/640/480,Dining room with a large table
67105927,https://picsum.photos/640/480,Spacious kitchen area
77431534,https://placekitten.com/640/480,Dining room with a large table
71602909,https://picsum.photos/640/480,Garage and driveway view
20926590,https://placekitten.com/640/480,Dining room with a large table
97554632,https://placekitten.com/640/480,Elegant home office setup
39636455,https://dummyimage.com/640x480,Backyard with a garden
97236573,https://picsum.photos/640/480,Spacious kitchen area
65181244,https://picsum.photos/640/480,Spacious kitchen area
98381194,https://picsum.photos/640/480,Backyard with a garden
50612324,https://placekitten.com/640/480,Backyard with a garden
28958398,https://dummyimage.com/640x480,Spacious kitchen area
19510561,https://picsum.photos/640/480,Garage and driveway view
97193499,https://placekitten.com/640/480,Swimming pool and patio
27175023,https://picsum.photos/640/480,Master bedroom with ensuite bathroom
39872787,https://dummyimage.com/640x480,Front view of the property
15980836,https://dummyimage.com/640x480,Elegant home office setup
59197074,https://picsum.photos/640/480,Swimming pool and patio
50955045,https://picsum.photos/640/480,Front view of the property
72374179,https://placekitten.com/640/480,Front view of the property
37007077,https://dummyimage.com/640x480,Panoramic view from the balcony
48535879,https://dummyimage.com/640x480,Front view of the property
93624762,https://placekitten.com/640/480,Master bedroom with ensuite bathroom
14702983,https://placekitten.com/640/480,Swimming pool and patio
52846941,https://dummyimage.com/640x480,Panoramic view from the balcony
16256479,https://picsum.photos/640/480,Living room with modern furniture
45871006,https://placekitten.com/640/480,Spacious kitchen area
45174187,https://placekitten.com/640/480,Dining room with a large table
31043868,https://dummyimage.com/640x480,Panoramic view from the balcony
15245925,https://dummyimage.com/640x480,Dining room with a large table
32492401,https://placekitten.com/640/480,Dining room with a large table
94763394,https://dummyimage.com/640x480,Elegant home office setup
18808868,https://dummyimage.com/640x480,Front view of the property
54009069,https://dummyimage.com/640x480,Dining room with a large table
61718109,https://placekitten.com/640/480,Garage and driveway view
36970390,https://dummyimage.com/640x480,Elegant home office setup
82891624,https://dummyimage.com/640x480,Dining room with a large table
28776366,https://dummyimage.com/640x480,Master bedroom with ensuite bathroom
61398765,https://picsum.photos/640/480,Dining room with a large table
80340274,https://picsum.photos/640/480,Garage and driveway view
51154272,https://placekitten.com/640/480,Spacious kitchen area
23610626,https://picsum.photos/640/480,Garage and driveway view
97435349,https://picsum.photos/640/480,Spacious kitchen area
65148510,https://dummyimage.com/640x480,Garage and driveway view
88189176,https://dummyimage.com/640x480,Elegant home office setup
53830647,https://placekitten.com/640/480,Swimming pool and patio
56004409,https://dummyimage.com/640x480,Front view of the property
92769070,https://placekitten.com/640/480,Swimming pool and patio
12585530,https://placekitten.com/640/480,Living room with modern furniture
29479277,https://placekitten.com/640/480,Swimming pool and patio
55694835,https://dummyimage.com/640x480,Panoramic view from the balcony
34436123,https://dummyimage.com/640x480,Swimming pool and patio
64960754,https://picsum.photos/640/480,Backyard with a garden
66233555,https://picsum.photos/640/480,Garage and driveway view
11760970,https://picsum.photos/640/480,Spacious kitchen area
51868007,https://placekitten.com/640/480,Spacious kitchen area
31540479,https://placekitten.com/640/480,Swimming pool and patio
63409499,https://dummyimage.com/640x480,Elegant home office setup
81335969,https://placekitten.com/640/480,Backyard with a garden
17780407,https://placekitten.com/640/480,Spacious kitchen area
39949078,https://picsum.photos/640/480,Dining room with a large table
78714807,https://dummyimage.com/640x480,Backyard with a garden
46506492,https://picsum.photos/640/480,Living room with modern furniture
70820113,https://placekitten.com/640/480,Spacious kitchen area
86991828,https://picsum.photos/640/480,Elegant home office setup
20833926,https://dummyimage.com/640x480,Elegant home office setup
52094171,https://dummyimage.com/640x480,Front view of the property
48567632,https://dummyimage.com/640x480,Garage and driveway view
36639452,https://placekitten.com/640/480,Elegant home office setup
42842956,https://dummyimage.com/640x480,Swimming pool and patio
61012600,https://picsum.photos/640/480,Front view of the property
80395416,https://picsum.photos/640/480,Front view of the property
32778381,https://placekitten.com/640/480,Spacious kitchen area
61491090,https://dummyimage.com/640x480,Garage and driveway view
20631395,https://placekitten.com/640/480,Swimming pool and patio
87108523,https://picsum.photos/640/480,Garage and driveway view
64647246,https://placekitten.com/640/480,Dining room with a large table
67150301,https://placekitten.com/640/480,Dining room with a large table
46779928,https://dummyimage.com/640x480,Living room with modern furniture
52399064,https://picsum.photos/640/480,Front view of the property
72262992,https://dummyimage.com/640x480,Swimming pool and patio
88452055,https://dummyimage.com/640x480,Master bedroom with ensuite bathroom
82055139,https://placekitten.com/640/480,Spacious kitchen area
44274897,https://picsum.photos/640/480,Swimming pool and patio
53828129,https://picsum.photos/640/480,Living room with modern furniture
47523507,https://dummyimage.com/640x480,Master bedroom with ensuite bathroom
65443751,https://placekitten.com/640/480,Master bedroom with ensuite bathroom
27866007,https://dummyimage.com/640x480,Elegant home office setup
71458158,https://picsum.photos/640/480,Dining room with a large table
20225245,https://dummyimage.com/640x480,Backyard with a garden
47765547,https://dummyimage.com/640x480,Swimming pool and patio
26750848,https://picsum.photos/640/480,Front view of the property
58640032,https://placekitten.com/640/480,Spacious kitchen area
76722873,https://dummyimage.com/640x480,Spacious kitchen area
98694108,https://placekitten.com/640/480,Dining room with a large table
19942412,https://dummyimage.com/640x480,Front view of the property
55534151,https://picsum.photos/640/480,Front view of the property
40063386,https://picsum.photos/640/480,Master bedroom with ensuite bathroom
93091965,https://picsum.photos/640/480,Panoramic view from the balcony
45393179,https://picsum.photos/640/480,Dining room with a large table
33898615,https://dummyimage.com/640x480,Elegant home office setup
32033726,https://placekitten.com/640/480,Front view of the property
17363971,https://placekitten.com/640/480,Backyard with a garden
79067434,https://placekitten.com/640/480,Garage and driveway view
72528181,https://dummyimage.com/640x480,Swimming pool and patio
47743480,https://dummyimage.com/640x480,Master bedroom with ensuite bathroom
40649571,https://dummyimage.com/640x480,Panoramic view from the balcony
20289755,https://placekitten.com/640/480,Living room with modern furniture
19040044,https://picsum.photos/640/480,Living room with modern furniture
53263768,https://picsum.photos/640/480,Living room with modern furniture
17014231,https://picsum.photos/640/480,Panoramic view from the balcony
29730905,https://placekitten.com/640/480,Garage and driveway view
66022265,https://dummyimage.com/640x480,Elegant home office setup
35363254,https://picsum.photos/640/480,Master bedroom with ensuite bathroom
55857000,https://picsum.photos/640/480,Elegant home office setup
77037506,https://dummyimage.com/640x480,Dining room with a large table
58963387,https://picsum.photos/640/480,Garage and driveway view
26348026,https://dummyimage.com/640x480,Living room with modern furniture
62369267,https://dummyimage.com/640x480,Master bedroom with ensuite bathroom
22531341,https://placekitten.com/640/480,Garage and driveway view
35347303,https://dummyimage.com/640x480,Spacious kitchen area
44748830,https://dummyimage.com/640x480,Elegant home office setup
93499505,https://placekitten.com/640/480,Panoramic view from the balcony
61974401,https://picsum.photos/640/480,Living room with modern furniture
66090453,https://picsum.photos/640/480,Elegant home office setup
48908596,https://dummyimage.com/640x480,Spacious kitchen area
91348725,https://dummyimage.com/640x480,Backyard with a garden
27396141,https://dummyimage.com/640x480,Front view of the property
94775473,https://picsum.photos/640/480,Garage and driveway view
94137227,https://dummyimage.com/640x480,Living room with modern furniture
12204146,https://placekitten.com/640/480,Dining room with a large table
71464703,https://placekitten.com/640/480,Living room with modern furniture
64815180,https://dummyimage.com/640x480,Living room with modern furniture
90294499,https://picsum.photos/640/480,Front view of the property
71441570,https://dummyimage.com/640x480,Garage and driveway view
70072041,https://placekitten.com/640/480,Panoramic view from the balcony
33582125,https://picsum.photos/640/480,Swimming pool and patio
90837979,https://dummyimage.com/640x480,Dining room with a large table
98350958,https://dummyimage.com/640x480,Garage and driveway view
30546177,https://picsum.photos/640/480,Master bedroom with ensuite bathroom
64227946,https://placekitten.com/640/480,Elegant home office setup
98503810,https://placekitten.com/640/480,Panoramic view from the balcony
93111526,https://dummyimage.com/640x480,Elegant home office setup
56712341,https://placekitten.com/640/480,Living room with modern furniture
67594588,https://dummyimage.com/640x480,Garage and driveway view
73091511,https://picsum.photos/640/480,Living room with modern furniture
58779078,https://picsum.photos/640/480,Dining room with a large table
53288683,https://picsum.photos/640/480,Panoramic view from the balcony
84159667,https://picsum.photos/640/480,Backyard with a garden
28439448,https://placekitten.com/640/480,Elegant home office setup
50647307,https://picsum.photos/640/480,Panoramic view from the balcony
64424398,https://dummyimage.com/640x480,Backyard with a garden
98754384,https://placekitten.com/640/480,Dining room with a large table
78771810,https://picsum.photos/640/480,Elegant home office setup
90830746,https://dummyimage.com/640x480,Front view of the property
90315446,https://placekitten.com/640/480,Spacious kitchen area
14977592,https://picsum.photos/640/480,Dining room with a large table
79343069,https://dummyimage.com/640x480,Swimming pool and patio
53073441,https://dummyimage.com/640x480,Master bedroom with ensuite bathroom
68408683,https://picsum.photos/640/480,Dining room with a large table
15069353,https://picsum.photos/640/480,Swimming pool and patio
44402324,https://dummyimage.com/640x480,Living room with modern furniture
85608746,https://dummyimage.com/640x480,Swimming pool and patio
50861472,https://placekitten.com/640/480,Dining room with a large table
39938273,https://placekitten.com/640/480,Panoramic view from the balcony
23280439,https://picsum.photos/640/480,Panoramic view from the balcony
15460781,https://placekitten.com/640/480,Elegant home office setup
58925211,https://placekitten.com/640/480,Elegant home office setup
51919538,https://placekitten.com/640/480,Backyard with a garden
42394195,https://picsum.photos/640/480,Backyard with a garden
84973646,https://placekitten.com/640/480,Garage and driveway view
83702171,https://dummyimage.com/640x480,Living room with modern furniture
55801283,https://picsum.photos/640/480,Dining room with a large table
55859648,https://picsum.photos/640/480,Swimming pool and patio
85328925,https://placekitten.com/640/480,Living room with modern furniture
71164196,https://placekitten.com/640/480,Living room with modern furniture
24961116,https://placekitten.com/640/480,Swimming pool and patio
59267682,https://placekitten.com/640/480,Dining room with a large table
38946087,https://placekitten.com/640/480,Swimming pool and patio
60480911,https://placekitten.com/640/480,Spacious kitchen area
53082527,https://placekitten.com/640/480,Garage and driveway view
99887885,https://dummyimage.com/640x480,Spacious kitchen area
11355121,https://picsum.photos/640/480,Swimming pool and patio
27640487,https://dummyimage.com/640x480,Panoramic view from the balcony
17095461,https://dummyimage.com/640x480,Panoramic view from the balcony
59693464,https://placekitten.com/640/480,Master bedroom with ensuite bathroom
25371007,https://picsum.photos/640/480,Master bedroom with ensuite bathroom
18892179,https://dummyimage.com/640x480,Swimming pool and patio
86677299,https://dummyimage.com/640x480,Backyard with a garden
50433070,https://dummyimage.com/640x480,Garage and driveway view
53819898,https://dummyimage.com/640x480,Elegant home office setup
85512026,https://picsum.photos/640/480,Spacious kitchen area
94218906,https://placekitten.com/640/480,Spacious kitchen area
33337142,https://placekitten.com/640/480,Swimming pool and patio
46575022,https://placekitten.com/640/480,Garage and driveway view
58706912,https://picsum.photos/640/480,Garage and driveway view
52239824,https://picsum.photos/640/480,Swimming pool and patio
62903909,https://dummyimage.com/640x480,Dining room with a large table
56749668,https://dummyimage.com/640x480,Spacious kitchen area
28377492,https://dummyimage.com/640x480,Living room with modern furniture
85593723,https://picsum.photos/640/480,Garage and driveway view
56896560,https://dummyimage.com/640x480,Front view of the property
40330931,https://placekitten.com/640/480,Elegant home office setup
62110247,https://dummyimage.com/640x480,Master bedroom with ensuite bathroom
18808764,https://dummyimage.com/640x480,Living room with modern furniture
54971510,https://placekitten.com/640/480,Backyard with a garden
95377143,https://picsum.photos/640/480,Living room with modern furniture
30405803,https://placekitten.com/640/480,Master bedroom with ensuite bathroom
25351342,https://dummyimage.com/640x480,Elegant home office setup
41233178,https://placekitten.com/640/480,Living room with modern furniture
15959228,https://picsum.photos/640/480,Backyard with a garden
15773947,https://dummyimage.com/640x480,Master bedroom with ensuite bathroom
18138235,https://dummyimage.com/640x480,Swimming pool and patio
59248833,https://placekitten.com/640/480,Panoramic view from the balcony
73718210,https://picsum.photos/640/480,Panoramic view from the balcony
43023924,https://placekitten.com/640/480,Front view of the property
71672708,https://picsum.photos/640/480,Master bedroom with ensuite bathroom
89040943,https://placekitten.com/640/480,Dining room with a large table
16702974,https://dummyimage.com/640x480,Panoramic view from the balcony
71384194,https://picsum.photos/640/480,Elegant home office setup
10336257,https://placekitten.com/640/480,Garage and driveway view
83866011,https://dummyimage.com/640x480,Spacious kitchen area
47949690,https://dummyimage.com/640x480,Spacious kitchen area
10385907,https://placekitten.com/640/480,Dining room with a large table
49171583,https://placekitten.com/640/480,Front view of the property
40232439,https://dummyimage.com/640x480,Elegant home office setup
72003648,https://placekitten.com/640/480,Spacious kitchen area
33993430,https://picsum.photos/640/480,Living room with modern furniture
50594292,https://picsum.photos/640/480,Garage and driveway view
22203253,https://placekitten.com/640/480,Dining room with a large table
36234992,https://picsum.photos/640/480,Spacious kitchen area
83843990,https://dummyimage.com/640x480,Spacious kitchen area
59896996,https://placekitten.com/640/480,Garage and driveway view
98199624,https://placekitten.com/640/480,Master bedroom with ensuite bathroom
92053015,https://picsum.photos/640/480,Front view of the property
49403333,https://placekitten.com/640/480,Dining room with a large table
64396280,https://placekitten.com/640/480,Dining room with a large table
52001837,https://picsum.photos/640/480,Master bedroom with ensuite bathroom
41089994,https://placekitten.com/640/480,Elegant home office setup
76713934,https://placekitten.com/640/480,Swimming pool and patio
21736399,https://dummyimage.com/640x480,Backyard with a garden
68632515,https://placekitten.com/640/480,Living room with modern furniture
23676114,https://placekitten.com/640/480,Garage and driveway view
51639373,https://placekitten.com/640/480,Master bedroom with ensuite bathroom
71918075,https://placekitten.com/640/480,Dining room with a large table
96416266,https://placekitten.com/640/480,Front view of the property
86282717,https://dummyimage.com/640x480,Spacious kitchen area
70668631,https://placekitten.com/640/480,Garage and driveway view
55554424,https://placekitten.com/640/480,Living room with modern furniture
82728603,https://dummyimage.com/640x480,Elegant home office setup
57975406,https://dummyimage.com/640x480,Panoramic view from the balcony
77684911,https://placekitten.com/640/480,Garage and driveway view
11439008,https://placekitten.com/640/480,Spacious kitchen area
60658440,https://picsum.photos/640/480,Backyard with a garden
13660683,https://dummyimage.com/640x480,Backyard with a garden
71547798,https://picsum.photos/640/480,Living room with modern furniture
34100192,https://placekitten.com/640/480,Swimming pool and patio
74509493,https://picsum.photos/640/480,Living room with modern furniture
42987317,https://picsum.photos/640/480,Dining room with a large table
11149094,https://placekitten.com/640/480,Backyard with a garden
55458004,https://placekitten.com/640/480,Elegant home office setup
62051378,https://picsum.photos/640/480,Front view of the property
63627064,https://placekitten.com/640/480,Elegant home office setup
54397629,https://dummyimage.com/640x480,Garage and driveway view
11534848,https://placekitten.com/640/480,Front view of the property
68267593,https://dummyimage.com/640x480,Master bedroom with ensuite bathroom
19880608,https://dummyimage.com/640x480,Garage and driveway view
64876332,https://picsum.photos/640/480,Front view of the property
86393823,https://placekitten.com/640/480,Front view of the property
51951891,https://dummyimage.com/640x480,Elegant home office setup
12682750,https://picsum.photos/640/480,Garage and driveway view
67382063,https://placekitten.com/640/480,Master bedroom with ensuite bathroom
76327107,https://picsum.photos/640/480,Backyard with a garden
31110180,https://dummyimage.com/640x480,Backyard with a garden
23807009,https://dummyimage.com/640x480,Dining room with a large table
75499254,https://picsum.photos/640/480,Dining room with a large table
19328841,https://picsum.photos/640/480,Elegant home office setup
62480067,https://picsum.photos/640/480,Master bedroom with ensuite bathroom
42882891,https://placekitten.com/640/480,Garage and driveway view
88076854,https://placekitten.com/640/480,Spacious kitchen area
14704097,https://placekitten.com/640/480,Elegant home office setup
86736879,https://picsum.photos/640/480,Dining room with a large table
83030887,https://placekitten.com/640/480,Panoramic view from the balcony
84573031,https://placekitten.com/640/480,Swimming pool and patio
94175135,https://picsum.photos/640/480,Living room with modern furniture
74548539,https://dummyimage.com/640x480,Spacious kitchen area
26322974,https://dummyimage.com/640x480,Front view of the property
49682694,https://dummyimage.com/640x480,Living room with modern furniture
97168575,https://picsum.photos/640/480,Backyard with a garden
91154217,https://placekitten.com/640/480,Elegant home office setup
54500365,https://dummyimage.com/640x480,Living room with modern furniture
28928448,https://placekitten.com/640/480,Front view of the property
13505251,https://placekitten.com/640/480,Living room with modern furniture
34649159,https://placekitten.com/640/480,Swimming pool and patio
72017743,https://placekitten.com/640/480,Swimming pool and patio
33139616,https://placekitten.com/640/480,Backyard with a garden
57912294,https://picsum.photos/640/480,Panoramic view from the balcony
68949960,https://dummyimage.com/640x480,Spacious kitchen area
67362874,https://placekitten.com/640/480,Living room with modern furniture
68908282,https://placekitten.com/640/480,Swimming pool and patio
91148789,https://placekitten.com/640/480,Garage and driveway view
34413758,https://dummyimage.com/640x480,Swimming pool and patio
22557456,https://picsum.photos/640/480,Dining room with a large table
42181003,https://picsum.photos/640/480,Front view of the property
15916908,https://placekitten.com/640/480,Dining room with a large table
10801917,https://placekitten.com/640/480,Garage and driveway view
57087901,https://dummyimage.com/640x480,Dining room with a large table
41012970,https://picsum.photos/640/480,Front view of the property
99264550,https://dummyimage.com/640x480,Garage and driveway view
50815892,https://picsum.photos/640/480,Garage and driveway view
58784234,https://placekitten.com/640/480,Front view of the property
21338821,https://picsum.photos/640/480,Master bedroom with ensuite bathroom
25773071,https://placekitten.com/640/480,Swimming pool and patio
92393472,https://placekitten.com/640/480,Living room with modern furniture
99133133,https://picsum.photos/640/480,Backyard with a garden
28229069,https://picsum.photos/640/480,Elegant home office setup
24325283,https://placekitten.com/640/480,Backyard with a garden
94570701,https://placekitten.com/640/480,Master bedroom with ensuite bathroom
61366120,https://placekitten.com/640/480,Dining room with a large table
70399155,https://dummyimage.com/640x480,Dining room with a large table
12698341,https://dummyimage.com/640x480,Garage and driveway view
48635339,https://picsum.photos/640/480,Spacious kitchen area
33380266,https://picsum.photos/640/480,Master bedroom with ensuite bathroom
99627963,https://dummyimage.com/640x480,Elegant home office setup
33475042,https://picsum.photos/640/480,Living room with modern furniture
12274764,https://picsum.photos/640/480,Panoramic view from the balcony
50695299,https://placekitten.com/640/480,Garage and driveway view
38718526,https://placekitten.com/640/480,Spacious kitchen area
62098127,https://placekitten.com/640/480,Master bedroom with ensuite bathroom
94193656,https://picsum.photos/640/480,Spacious kitchen area
62525852,https://placekitten.com/640/480,Swimming pool and patio
94490021,https://picsum.photos/640/480,Spacious kitchen area
19945595,https://picsum.photos/640/480,Garage and driveway view
28286988,https://picsum.photos/640/480,Garage and driveway view
21447532,https://dummyimage.com/640x480,Dining room with a large table
32124406,https://dummyimage.com/640x480,Dining room with a large table
85477111,https://picsum.photos/640/480,Living room with modern furniture
14957890,https://picsum.photos/640/480,Swimming pool and patio
48458334,https://placekitten.com/640/480,Panoramic view from the balcony
60010199,https://picsum.photos/640/480,Garage and driveway view
56806057,https://placekitten.com/640/480,Spacious kitchen area
19144459,https://dummyimage.com/640x480,Master bedroom with ensuite bathroom
18771301,https://placekitten.com/640/480,Dining room with a large table
82072437,https://picsum.photos/640/480,Master bedroom with ensuite bathroom
21096394,https://picsum.photos/640/480,Elegant home office setup
59476857,https://placekitten.com/640/480,Swimming pool and patio
43497251,https://placekitten.com/640/480,Swimming pool and patio
51464601,https://dummyimage.com/640x480,Spacious kitchen area
55843251,https://placekitten.com/640/480,Living room with modern furniture
56308244,https://picsum.photos/640/480,Swimming pool and patio
16981331,https://placekitten.com/640/480,Master bedroom with ensuite bathroom
37164551,https://picsum.photos/640/480,Garage and driveway view
28577509,https://picsum.photos/640/480,Front view of the property
90695178,https://placekitten.com/640/480,Panoramic view from the balcony
79942985,https://placekitten.com/640/480,Master bedroom with ensuite bathroom
64963185,https://picsum.photos/640/480,Swimming pool and patio
14406040,https://picsum.photos/640/480,Swimming pool and patio
93170852,https://dummyimage.com/640x480,Backyard with a garden
75187980,https://dummyimage.com/640x480,Elegant home office setup
23108786,https://picsum.photos/640/480,Panoramic view from the balcony
16746905,https://picsum.photos/640/480,Panoramic view from the balcony
91783070,https://picsum.photos/640/480,Garage and driveway view
51997971,https://dummyimage.com/640x480,Dining room with a large table
32827796,https://placekitten.com/640/480,Dining room with a large table
52546221,https://picsum.photos/640/480,Living room with modern furniture
60660005,https://dummyimage.com/640x480,Master bedroom with ensuite bathroom
41081116,https://placekitten.com/640/480,Living room with modern furniture
65582007,https://dummyimage.com/640x480,Swimming pool and patio
42871559,https://dummyimage.com/640x480,Backyard with a garden
97198047,https://placekitten.com/640/480,Swimming pool and patio
44851548,https://picsum.photos/640/480,Dining room with a large table
89356348,https://placekitten.com/640/480,Front view of the property
45296345,https://dummyimage.com/640x480,Spacious kitchen area
45212727,https://picsum.photos/640/480,Dining room with a large table
18001555,https://dummyimage.com/640x480,Front view of the property
96540141,https://placekitten.com/640/480,Living room with modern furniture
49993584,https://dummyimage.com/640x480,Panoramic view from the balcony
97508822,https://dummyimage.com/640x480,Swimming pool and patio
94943836,https://placekitten.com/640/480,Master bedroom with ensuite bathroom
97259344,https://picsum.photos/640/480,Spacious kitchen area
87180127,https://picsum.photos/640/480,Spacious kitchen area
83876904,https://picsum.photos/640/480,Garage and driveway view
90665106,https://picsum.photos/640/480,Elegant home office setup
52306169,https://dummyimage.com/640x480,Front view of the property
98915775,https://placekitten.com/640/480,Living room with modern furniture
80680140,https://dummyimage.com/640x480,Dining room with a large table
94836209,https://dummyimage.com/640x480,Panoramic view from the balcony
18370998,https://placekitten.com/640/480,Master bedroom with ensuite bathroom
53955197,https://placekitten.com/640/480,Elegant home office setup
82286187,https://placekitten.com/640/480,Master bedroom with ensuite bathroom
88066139,https://dummyimage.com/640x480,Living room with modern furniture
88364737,https://dummyimage.com/640x480,Master bedroom with ensuite bathroom
30530475,https://placekitten.com/640/480,Master bedroom with ensuite bathroom
92676604,https://picsum.photos/640/480,Front view of the property
56373104,https://placekitten.com/640/480,Dining room with a large table
68940407,https://picsum.photos/640/480,Panoramic view from the balcony
23756044,https://picsum.photos/640/480,Elegant home office setup
77122901,https://placekitten.com/640/480,Swimming pool and patio
57095427,https://picsum.photos/640/480,Swimming pool and patio
63245370,https://picsum.photos/640/480,Living room with modern furniture
44853192,https://picsum.photos/640/480,Elegant home office setup
57613592,https://placekitten.com/640/480,Master bedroom with ensuite bathroom
93804288,https://placekitten.com/640/480,Master bedroom with ensuite bathroom
82119912,https://placekitten.com/640/480,Elegant home office setup
34530113,https://picsum.photos/640/480,Backyard with a garden
88726169,https://placekitten.com/640/480,Swimming pool and patio
46864007,https://picsum.photos/640/480,Dining room with a large table
87927348,https://dummyimage.com/640x480,Front view of the property
91215381,https://picsum.photos/640/480,Elegant home office setup
46505702,https://picsum.photos/640/480,Garage and driveway view
29318959,https://dummyimage.com/640x480,Panoramic view from the balcony
15706140,https://dummyimage.com/640x480,Swimming pool and patio
15123797,https://picsum.photos/640/480,Spacious kitchen area
43916117,https://placekitten.com/640/480,Garage and driveway view
84058220,https://placekitten.com/640/480,Master bedroom with ensuite bathroom
97116486,https://placekitten.com/640/480,Garage and driveway view
69232272,https://placekitten.com/640/480,Front view of the property
69569789,https://dummyimage.com/640x480,Backyard with a garden
77476017,https://dummyimage.com/640x480,Panoramic view from the balcony
35916062,https://dummyimage.com/640x480,Backyard with a garden
98646151,https://placekitten.com/640/480,Spacious kitchen area
59787281,https://dummyimage.com/640x480,Living room with modern furniture
28898152,https://dummyimage.com/640x480,Panoramic view from the balcony
33487424,https://dummyimage.com/640x480,Garage and driveway view
60076671,https://dummyimage.com/640x480,Garage and driveway view
46208273,https://placekitten.com/640/480,Panoramic view from the balcony
59457263,https://dummyimage.com/640x480,Spacious kitchen area
84192566,https://placekitten.com/640/480,Backyard with a garden
98167803,https://picsum.photos/640/480,Garage and driveway view
46028306,https://placekitten.com/640/480,Swimming pool and patio
34467296,https://picsum.photos/640/480,Front view of the property
42777292,https://dummyimage.com/640x480,Swimming pool and patio
23918708,https://dummyimage.com/640x480,Dining room with a large table
37241163,https://dummyimage.com/640x480,Front view of the property
55180924,https://placekitten.com/640/480,Swimming pool and patio
24125165,https://placekitten.com/640/480,Spacious kitchen area
67769195,https://placekitten.com/640/480,Swimming pool and patio
63206869,https://picsum.photos/640/480,Master bedroom with ensuite bathroom
19379569,https://picsum.photos/640/480,Master bedroom with ensuite bathroom
16093259,https://dummyimage.com/640x480,Living room with modern furniture
31496360,https://dummyimage.com/640x480,Elegant home office setup
17141002,https://picsum.photos/640/480,Living room with modern furniture
50908415,https://picsum.photos/640/480,Dining room with a large table
34741364,https://dummyimage.com/640x480,Elegant home office setup
71431622,https://picsum.photos/640/480,Swimming pool and patio
22416355,https://dummyimage.com/640x480,Dining room with a large table
22080830,https://placekitten.com/640/480,Panoramic view from the balcony
28344713,https://picsum.photos/640/480,Spacious kitchen area
91716055,https://dummyimage.com/640x480,Front view of the property
23629924,https://picsum.photos/640/480,Swimming pool and patio
49960037,https://placekitten.com/640/480,Living room with modern furniture
69157488,https://picsum.photos/640/480,Living room with modern furniture
50009228,https://placekitten.com/640/480,Front view of the property
69335833,https://placekitten.com/640/480,Dining room with a large table
49696390,https://dummyimage.com/640x480,Dining room with a large table
35606076,https://placekitten.com/640/480,Spacious kitchen area
75414439,https://placekitten.com/640/480,Swimming pool and patio
69139876,https://placekitten.com/640/480,Panoramic view from the balcony
78641984,https://picsum.photos/640/480,Spacious kitchen area
44043931,https://picsum.photos/640/480,Garage and driveway view
57038327,https://placekitten.com/640/480,Panoramic view from the balcony
66303557,https://placekitten.com/640/480,Backyard with a garden
98433781,https://dummyimage.com/640x480,Panoramic view from the balcony
46177213,https://dummyimage.com/640x480,Master bedroom with ensuite bathroom
47546087,https://dummyimage.com/640x480,Backyard with a garden
51267318,https://dummyimage.com/640x480,Master bedroom with ensuite bathroom
76592308,https://dummyimage.com/640x480,Dining room with a large table
32997125,https://dummyimage.com/640x480,Panoramic view from the balcony
14653809,https://placekitten.com/640/480,Elegant home office setup
61899673,https://picsum.photos/640/480,Panoramic view from the balcony
64783686,https://dummyimage.com/640x480,Master bedroom with ensuite bathroom
25184420,https://picsum.photos/640/480,Living room with modern furniture
47851403,https://picsum.photos/640/480,Living room with modern furniture
57161266,https://picsum.photos/640/480,Elegant home office setup
89147838,https://dummyimage.com/640x480,Backyard with a garden
40381846,https://placekitten.com/640/480,Front view of the property
71629906,https://placekitten.com/640/480,Backyard with a garden
29317931,https://picsum.photos/640/480,Master bedroom with ensuite bathroom
60647741,https://placekitten.com/640/480,Swimming pool and patio
25883697,https://dummyimage.com/640x480,Living room with modern furniture
44623720,https://placekitten.com/640/480,Panoramic view from the balcony
82288439,https://picsum.photos/640/480,Elegant home office setup
24950293,https://dummyimage.com/640x480,Master bedroom with ensuite bathroom
31659026,https://placekitten.com/640/480,Living room with modern furniture
98545039,https://placekitten.com/640/480,Master bedroom with ensuite bathroom
53999644,https://dummyimage.com/640x480,Spacious kitchen area
71836383,https://picsum.photos/640/480,Spacious kitchen area
99501666,https://picsum.photos/640/480,Dining room with a large table
85548051,https://picsum.photos/640/480,Spacious kitchen area
41033849,https://placekitten.com/640/480,Elegant home office setup
31224705,https://picsum.photos/640/480,Panoramic view from the balcony
12376150,https://picsum.photos/640/480,Living room with modern furniture
66438668,https://placekitten.com/640/480,Backyard with a garden
44794884,https://picsum.photos/640/480,Elegant home office setup
27841233,https://dummyimage.com/640x480,Garage and driveway view
87940960,https://dummyimage.com/640x480,Panoramic view from the balcony
38653378,https://placekitten.com/640/480,Swimming pool and patio
60967116,https://dummyimage.com/640x480,Master bedroom with ensuite bathroom
52579208,https://placekitten.com/640/480,Dining room with a large table
69462281,https://placekitten.com/640/480,Living room with modern furniture
14297389,https://dummyimage.com/640x480,Dining room with a large table
97466364,https://picsum.photos/640/480,Dining room with a large table
51724304,https://placekitten.com/640/480,Spacious kitchen area
54718776,https://picsum.photos/640/480,Elegant home office setup
63619498,https://dummyimage.com/640x480,Spacious kitchen area
52707595,https://picsum.photos/640/480,Garage and driveway view
12691560,https://picsum.photos/640/480,Front view of the property
45232323,https://dummyimage.com/640x480,Garage and driveway view
27183463,https://dummyimage.com/640x480,Panoramic view from the balcony
85886869,https://placekitten.com/640/480,Spacious kitchen area
70048592,https://dummyimage.com/640x480,Master bedroom with ensuite bathroom
32078922,https://dummyimage.com/640x480,Panoramic view from the balcony
26020859,https://picsum.photos/640/480,Dining room with a large table
61110445,https://picsum.photos/640/480,Spacious kitchen area
38729957,https://dummyimage.com/640x480,Living room with modern furniture
24552746,https://placekitten.com/640/480,Dining room with a large table
16957413,https://picsum.photos/640/480,Master bedroom with ensuite bathroom
70854508,https://dummyimage.com/640x480,Panoramic view from the balcony
66160328,https://placekitten.com/640/480,Elegant home office setup
86199240,https://dummyimage.com/640x480,Dining room with a large table
15146554,https://placekitten.com/640/480,Swimming pool and patio
92904461,https://picsum.photos/640/480,Dining room with a large table
82620649,https://dummyimage.com/640x480,Backyard with a garden
62013588,https://dummyimage.com/640x480,Dining room with a large table
63818257,https://picsum.photos/640/480,Elegant home office setup
58368590,https://dummyimage.com/640x480,Living room with modern furniture
42474591,https://picsum.photos/640/480,Swimming pool and patio
42075910,https://picsum.photos/640/480,Garage and driveway view
86649647,https://picsum.photos/640/480,Living room with modern furniture
38245725,https://picsum.photos/640/480,Elegant home office setup
